Name,Price,Link,Image
3 Heads T-shirt Cloth Embroidery Machine Computer Multi Needles Embroidery Machine for Sale,"$1,560.00-5,200.00",https://www.alibaba.com/product-detail/3-Heads-T-shirt-Cloth-Embroidery_1601357990074.html,https://s.alicdn.com/@sc04/kf/H49d640d0b276417f9d15d2657ee44487l/3-Heads-T-shirt-Cloth-Embroidery-Machine.jpg_480x480.jpg?hasNWGrade=1
Hot Selling Computer Cap Embroidery Machine 3 Heads 12 Needles Embroidery Machine Flat Hat Embroidery Machine,"$1,560.00-5,200.00",https://www.alibaba.com/product-detail/Hot-Selling-Computer-Cap-Embroidery-Machine_1601357976148.html,https://s.alicdn.com/@sc04/kf/Hd46c6c614cc44edf83104d106a3f03b31/Hot-Selling-Computer-Cap-Embroidery-Machine-3.jpg_480x480.jpg?hasNWGrade=1
High Quality Multi Function Flat Embroidery Machine Three Heads Embroidery Computer Machine,"$1,560.00-5,200.00",https://www.alibaba.com/product-detail/High-Quality-Multi-Function-Flat-Embroidery_1601357858938.html,https://s.alicdn.com/@sc04/kf/H38ae2f0177cf4dafa34800459d874a67z/High-Quality-Multi-Function-Flat-Embroidery-Machine.jpg_480x480.jpg?hasNWGrade=1
T-shirt Cloth Embroidery Machine 3 Heads Computer Embroidery Machine Computer 1200 RPM Embroidery Machine,"$1,560.00-5,200.00",https://www.alibaba.com/product-detail/T-shirt-Cloth-Embroidery-Machine-3_1601357846888.html,https://s.alicdn.com/@sc04/kf/H8dbbb97315644c1ab0ed354dcf5ba6e8v/T-shirt-Cloth-Embroidery-Machine-3-Heads.jpg_480x480.jpg?hasNWGrade=1
Computer 3 Heads Embroidery Cap Machine Flat Hat Embroidery Machine for Sale,"$1,560.00-5,200.00",https://www.alibaba.com/product-detail/Computer-3-Heads-Embroidery-Cap-Machine_1601357811930.html,https://s.alicdn.com/@sc04/kf/H00c88d7ae3ee4f6f8f26a4c01d0caf3aG/Computer-3-Heads-Embroidery-Cap-Machine-Flat.jpg_480x480.jpg?hasNWGrade=1
Multi Needles Embroidery Computer Machine High Speed 3 Heads Embroidery Machine Flat Embroidery Machine,"$1,560.00-5,200.00",https://www.alibaba.com/product-detail/Multi-Needles-Embroidery-Computer-Machine-High_1601357866715.html,https://s.alicdn.com/@sc04/kf/H7bb12ab1bf3c4460acdaa17fd0dd5d56q/Multi-Needles-Embroidery-Computer-Machine-High-Speed.jpg_480x480.jpg?hasNWGrade=1
Wholesale 3 Heads Embroidery Computer Machine T-shirt Embroidery Machine Computer Embroidery Machine for Cloth,"$1,560.00-5,200.00",https://www.alibaba.com/product-detail/Wholesale-3-Heads-Embroidery-Computer-Machine_1601356972516.html,https://s.alicdn.com/@sc04/kf/Hf599186671784f8999c7694bd1796aa1F/Wholesale-3-Heads-Embroidery-Computer-Machine-T.jpg_480x480.jpg?hasNWGrade=1
Embroidery Machine High Quality Cap Embroidery Machine Three Heads Embroidery Hat Machine,"$1,560.00-5,200.00",https://www.alibaba.com/product-detail/Embroidery-Machine-High-Quality-Cap-Embroidery_1601357030007.html,https://s.alicdn.com/@sc04/kf/Hf37c8ed96154483e8466b90da941b109e/Embroidery-Machine-High-Quality-Cap-Embroidery-Machine.jpg_480x480.jpg?hasNWGrade=1
3 Heads Embroidery Computer Machine High Speed Embroidery Machine Computer Flat Embroidery Machine,"$1,560.00-5,200.00",https://www.alibaba.com/product-detail/3-Heads-Embroidery-Computer-Machine-High_1601356979354.html,https://s.alicdn.com/@sc04/kf/H6ff265bc617c49568be896b45eff904ar/3-Heads-Embroidery-Computer-Machine-High-Speed.jpg_480x480.jpg?hasNWGrade=1
Computerized Embroidery Machine 3 Heads High Speed Embroidery Machine 1200 RPM Flat Embroidery Machine,"$1,560.00-5,200.00",https://www.alibaba.com/product-detail/Computerized-Embroidery-Machine-3-Heads-High_1601288008487.html,https://s.alicdn.com/@sc04/kf/H53e7abaa357b47949425c7cb5eb6dd06U/Computerized-Embroidery-Machine-3-Heads-High-Speed.jpg_480x480.jpg?hasNWGrade=1
Hot Sale Automatic 3 Heads Embroidery Machine Computer Flat Embroidery Machine for Hat Cap Embroidery Machine,"$1,560.00-5,200.00",https://www.alibaba.com/product-detail/Hot-Sale-Automatic-3-Heads-Embroidery_1601287958471.html,https://s.alicdn.com/@sc04/kf/H899655a0a12e4ccc969f6271a971d178g/Hot-Sale-Automatic-3-Heads-Embroidery-Machine.jpg_480x480.jpg?hasNWGrade=1
Wholesale Three Heads Clothes Embroidery Machine Multi Needles T-shirt Embroidery Machine With Computer,"$1,560.00-5,200.00",https://www.alibaba.com/product-detail/Wholesale-Three-Heads-Clothes-Embroidery-Machine_1601288121493.html,https://s.alicdn.com/@sc04/kf/He78c816baf634ceba588a8ce9b3c5110N/Wholesale-Three-Heads-Clothes-Embroidery-Machine-Multi.jpg_480x480.jpg?hasNWGrade=1
New Products Flat 3 Heads Embroidery Machine High Speed Embroidery Computer Machine Flat Embroidery Machine,"$1,560.00-5,200.00",https://www.alibaba.com/product-detail/New-Products-Flat-3-Heads-Embroidery_1601288263306.html,https://s.alicdn.com/@sc04/kf/Hddf27143e4854ac4b1bb35c7c082621fT/New-Products-Flat-3-Heads-Embroidery-Machine.jpg_480x480.jpg?hasNWGrade=1
3 Heads Embroidery Computer Machine Wholesale Cap Embroidery Machine Three Heads Embroidery Hat Machine,"$1,560.00-5,200.00",https://www.alibaba.com/product-detail/3-Heads-Embroidery-Computer-Machine-Wholesale_1601288115365.html,https://s.alicdn.com/@sc04/kf/H01a7b00d439d4661ace0be99bb76d7c36/3-Heads-Embroidery-Computer-Machine-Wholesale-Cap.jpg_480x480.jpg?hasNWGrade=1
3 Heads Flat T-shirt Embroidery Machine Multi Needles Embroidery Computer Machine for Sale,"$1,560.00-5,200.00",https://www.alibaba.com/product-detail/3-Heads-Flat-T-shirt-Embroidery_1601288040381.html,https://s.alicdn.com/@sc04/kf/Hf38922b9847d462fb12cb5a470e48f0ax/3-Heads-Flat-T-shirt-Embroidery-Machine.jpg_480x480.jpg?hasNWGrade=1
Computer High Speed Embroidery Machine Multi Needles 1 Head Embroidery Machine High Speed Flat Embroidery Machine,"$1,560.00-5,200.00",https://www.alibaba.com/product-detail/Computer-High-Speed-Embroidery-Machine-Multi_1601288128279.html,https://s.alicdn.com/@sc04/kf/Hdbdb0ddc9e7c4c4289cb8839448c08fe6/Computer-High-Speed-Embroidery-Machine-Multi-Needles.jpg_480x480.jpg?hasNWGrade=1
Embroidery Machine Manufacturers 3 Heads Cap Embroidery Machine Computer Hat Embroidery Machine,"$1,560.00-5,200.00",https://www.alibaba.com/product-detail/Embroidery-Machine-Manufacturers-3-Heads-Cap_1601288327206.html,https://s.alicdn.com/@sc04/kf/Hde043606e18b4080b59a0e204ffb045fe/Embroidery-Machine-Manufacturers-3-Heads-Cap-Embroidery.jpg_480x480.jpg?hasNWGrade=1
3 Heads Embroidery Machine Flat T-shirt Embroidery Machine Computer Clothes Embroidery Machine,"$1,560.00-5,200.00",https://www.alibaba.com/product-detail/3-Heads-Embroidery-Machine-Flat-T_1601288039319.html,https://s.alicdn.com/@sc04/kf/Hb675dfb55fdd4248ad16b3d61d0b07d2p/3-Heads-Embroidery-Machine-Flat-T-shirt.jpg_480x480.jpg?hasNWGrade=1
Automatic Computer Embroidery Machine Three Heads Flat Embroidery Machine High Speed Embroidery Computer Machine,"$1,560.00-5,200.00",https://www.alibaba.com/product-detail/Automatic-Computer-Embroidery-Machine-Three-Heads_1601288196003.html,https://s.alicdn.com/@sc04/kf/Hdd0e429406b54c939aaa3eb68c3f39c0O/Automatic-Computer-Embroidery-Machine-Three-Heads-Flat.jpg_480x480.jpg?hasNWGrade=1
Multi Needles Computer Embroidery Machine 3 Heads Embroidery Hat Sewing Machine Cap Embroidery Machine,"$1,560.00-5,200.00",https://www.alibaba.com/product-detail/Multi-Needles-Computer-Embroidery-Machine-3_1601287988054.html,https://s.alicdn.com/@sc04/kf/H0ca4f2d081564e13aded73b7e08d9633E/Multi-Needles-Computer-Embroidery-Machine-3-Heads.jpg_480x480.jpg?hasNWGrade=1
T-shirt Clothes Embroidery Machine Three Heads Embroidery Computer Machine in Wholesale,"$1,560.00-5,200.00",https://www.alibaba.com/product-detail/T-shirt-Clothes-Embroidery-Machine-Three_1601288131025.html,https://s.alicdn.com/@sc04/kf/H19e30dea67dc432fb6349e77947a45bc8/T-shirt-Clothes-Embroidery-Machine-Three-Heads.jpg_480x480.jpg?hasNWGrade=1
High Speed Computer Flat Embroidery Machine 3 Heads Embroidery Machine 1200 RPM Multi Needles Embroidery Machine,"$1,560.00-5,200.00",https://www.alibaba.com/product-detail/High-Speed-Computer-Flat-Embroidery-Machine_1601272288097.html,https://s.alicdn.com/@sc04/kf/H818d6d1385464bf6918d9d47942459cdq/High-Speed-Computer-Flat-Embroidery-Machine-3.jpg_480x480.jpg?hasNWGrade=1
Computerized Hat Embroidery Sewing Machine Three Heads Embroidery Machine Commercial Cap Embroidery Machine,"$1,560.00-5,200.00",https://www.alibaba.com/product-detail/Computerized-Hat-Embroidery-Sewing-Machine-Three_1601271963997.html,https://s.alicdn.com/@sc04/kf/H605e23ccab7f40d6b3a2a4ca6438fc53w/Computerized-Hat-Embroidery-Sewing-Machine-Three-Heads.jpg_480x480.jpg?hasNWGrade=1
Clothes Embroidery Machine Computer 3 Heads Embroidery Machine Three Heads Embroidery Machine for Tshirt,"$1,560.00-5,200.00",https://www.alibaba.com/product-detail/Clothes-Embroidery-Machine-Computer-3-Heads_1601272140549.html,https://s.alicdn.com/@sc04/kf/H511e0ace160747eabd63871f0bef7b13t/Clothes-Embroidery-Machine-Computer-3-Heads-Embroidery.jpg_480x480.jpg?hasNWGrade=1
Customized Three Heads Embroidery Computer Machine High Speed 3 Heads Flat Embroidery Machine,"$1,560.00-5,200.00",https://www.alibaba.com/product-detail/Customized-Three-Heads-Embroidery-Computer-Machine_1601271708552.html,https://s.alicdn.com/@sc04/kf/H26afe963738b47eb8c149d44bfca08e4f/Customized-Three-Heads-Embroidery-Computer-Machine-High.jpg_480x480.jpg?hasNWGrade=1
3 Heads Embroidery Machine Computer 12/15 Needles Embroidery Machine Cap Hat Embroidery Machine,"$1,560.00-5,200.00",https://www.alibaba.com/product-detail/3-Heads-Embroidery-Machine-Computer-12_1601271540904.html,https://s.alicdn.com/@sc04/kf/H69b776b4d25d4149ac56d0d3e5b7fa47d/3-Heads-Embroidery-Machine-Computer-12-15.jpg_480x480.jpg?hasNWGrade=1
New Products T-shirt Embroidery Machine Three Heads Computer Embroidery Machine 3 Heads Cloth Embroidery Machine,"$1,560.00-5,200.00",https://www.alibaba.com/product-detail/New-Products-T-shirt-Embroidery-Machine_1601271628778.html,https://s.alicdn.com/@sc04/kf/Hce961719606d4c3eac46c8114b5d581fy/New-Products-T-shirt-Embroidery-Machine-Three.jpg_480x480.jpg?hasNWGrade=1
Automatic Embroidery Machine Commercial Home Computer Embroidery Machine 3 Heads Flat Embroidery Machine,"$1,560.00-5,200.00",https://www.alibaba.com/product-detail/Automatic-Embroidery-Machine-Commercial-Home-Computer_1601271513596.html,https://s.alicdn.com/@sc04/kf/H77c4813bb02848d6ab9f4810eafcfca6L/Automatic-Embroidery-Machine-Commercial-Home-Computer-Embroidery.jpg_480x480.jpg?hasNWGrade=1
Embroidery Machine Used for Cap Embroidery Sewing Machine Industry 3 Heads Hat Embroidery Machine,"$1,560.00-5,200.00",https://www.alibaba.com/product-detail/Embroidery-Machine-Used-for-Cap-Embroidery_1601271480655.html,https://s.alicdn.com/@sc04/kf/H6faf7c316898467086156f78fa7b3595C/Embroidery-Machine-Used-for-Cap-Embroidery-Sewing.jpg_480x480.jpg?hasNWGrade=1
Wholesale Cloth Embroidery 3 Head 12 Needles Computer Sewing Machine T-shirt Embroidery Machine,"$1,560.00-5,200.00",https://www.alibaba.com/product-detail/Wholesale-Cloth-Embroidery-3-Head-12_1601271654319.html,https://s.alicdn.com/@sc04/kf/H80443d4715fd4d0da2f6826178ade16ca/Wholesale-Cloth-Embroidery-3-Head-12-Needles.jpg_480x480.jpg?hasNWGrade=1
Three Heads 12/15 Needles Embroidery Machine Automatic Computerized Embroidery Machine 3 Heads Flat Embroidery Machine,"$1,560.00-5,200.00",https://www.alibaba.com/product-detail/Three-Heads-12-15-Needles-Embroidery_1601271693206.html,https://s.alicdn.com/@sc04/kf/Hb1f771ba95da4eeb9d80f9937ba880bdW/Three-Heads-12-15-Needles-Embroidery-Machine.jpg_480x480.jpg?hasNWGrade=1
Embroidery 12/15 Needles 3 Heads Embroidery Machine Hat Sewing Machine Computer Cap Embroidery Machine,"$1,560.00-5,200.00",https://www.alibaba.com/product-detail/Embroidery-12-15-Needles-3-Heads_1601271544539.html,https://s.alicdn.com/@sc04/kf/H2112d4110c8f48c4b914c4a7970e2d57K/Embroidery-12-15-Needles-3-Heads-Embroidery.jpg_480x480.jpg?hasNWGrade=1
3 Heads Industrial 12/15 Needles Computer Control Embroidery Machine for Cloth,"$1,560.00-5,200.00",https://www.alibaba.com/product-detail/3-Heads-Industrial-12-15-Needles_1601271704192.html,https://s.alicdn.com/@sc04/kf/H2570cd61c94e4fa0b07aa2a38cfed929r/3-Heads-Industrial-12-15-Needles-Computer.jpg_480x480.jpg?hasNWGrade=1
Hot Sale Flat Embroidery Computer Machine Three Heads Embroidery Machine Commercial Home Use Embroidery Machine,"$1,560.00-5,200.00",https://www.alibaba.com/product-detail/Hot-Sale-Flat-Embroidery-Computer-Machine_1601271577463.html,https://s.alicdn.com/@sc04/kf/H8c2b09ef58a2497fb5ffb9804b2f1d89b/Hot-Sale-Flat-Embroidery-Computer-Machine-Three.jpg_480x480.jpg?hasNWGrade=1
Cap Embroidery Machine Commercial 12/15 Needles Embroidery Machine 3 Heads Hat Embroidery Machine,"$1,560.00-5,200.00",https://www.alibaba.com/product-detail/Cap-Embroidery-Machine-Commercial-12-15_1601271738060.html,https://s.alicdn.com/@sc04/kf/H1371854fd93e48df8e77237011c6b0ebL/Cap-Embroidery-Machine-Commercial-12-15-Needles.jpg_480x480.jpg?hasNWGrade=1
3 Heads Clothes Embroidery Machine Computer Multi Function Embroidery Machine T-shirt Embroidery Machine,"$1,560.00-5,200.00",https://www.alibaba.com/product-detail/3-Heads-Clothes-Embroidery-Machine-Computer_1601271401886.html,https://s.alicdn.com/@sc04/kf/H847e1f1c42fa47bea8617f2082eb4f42h/3-Heads-Clothes-Embroidery-Machine-Computer-Multi.jpg_480x480.jpg?hasNWGrade=1
Wholesale 12/15 Needles Flat Embroidery Machine 3 Heads Embroidery Machine Computer High Speed Embroidery Machine,"$1,560.00-5,200.00",https://www.alibaba.com/product-detail/Wholesale-12-15-Needles-Flat-Embroidery_1601261129353.html,https://s.alicdn.com/@sc04/kf/H133ff654cf314d7fa8e6cce9604cd43c7/Wholesale-12-15-Needles-Flat-Embroidery-Machine.jpg_480x480.jpg?hasNWGrade=1
Computer Embroidery Machine Custom 3 Heads Embroidery Machine for Hat Cap T-shirt,"$1,560.00-5,200.00",https://www.alibaba.com/product-detail/Computer-Embroidery-Machine-Custom-3-Heads_1601260904805.html,https://s.alicdn.com/@sc04/kf/H09da42aaebdc4b949139dbafca6c05feB/Computer-Embroidery-Machine-Custom-3-Heads-Embroidery.jpg_480x480.jpg?hasNWGrade=1
Commercial T-shirt Embroidery Sewing Machine Flat Clothes Embroidery Computer Machine With 3 Heads,"$1,560.00-5,200.00",https://www.alibaba.com/product-detail/Commercial-T-shirt-Embroidery-Sewing-Machine_1601261020554.html,https://s.alicdn.com/@sc04/kf/H070df5f35e51445fabd4ef1a2ad98117Z/Commercial-T-shirt-Embroidery-Sewing-Machine-Flat.jpg_480x480.jpg?hasNWGrade=1
Hot Selling Flat Embroidery Machine 3 Heads Commercial Embroidery Machine High Speed Embroidery Machine With Multi Function,"$1,560.00-5,200.00",https://www.alibaba.com/product-detail/Hot-Selling-Flat-Embroidery-Machine-3_1601261197285.html,https://s.alicdn.com/@sc04/kf/Hcba9549b2f9346f7b4f3e1177e48d0c6u/Hot-Selling-Flat-Embroidery-Machine-3-Heads.jpg_480x480.jpg?hasNWGrade=1
New Arrival Hat Cap Embroidery Machine Commercial Hat Embroidery Computerized Machine 3 Heads Embroidery Machine,"$1,560.00-5,200.00",https://www.alibaba.com/product-detail/New-Arrival-Hat-Cap-Embroidery-Machine_1601260871889.html,https://s.alicdn.com/@sc04/kf/Hbbaa110ca61349808d35256365ab4d7bE/New-Arrival-Hat-Cap-Embroidery-Machine-Commercial.jpg_480x480.jpg?hasNWGrade=1
Computerized 3 Heads Embroidery Machine Multi Needles Embroidery Sewing Machine T-shirt Clothes Embroidery Machine,"$1,560.00-5,200.00",https://www.alibaba.com/product-detail/Computerized-3-Heads-Embroidery-Machine-Multi_1601261179312.html,https://s.alicdn.com/@sc04/kf/Ha65e1d192cdc458e86d6251c7fd54819B/Computerized-3-Heads-Embroidery-Machine-Multi-Needles.jpg_480x480.jpg?hasNWGrade=1
Wholesale Flat T-shirt Cap Embroidery Machine Computer Embroidery Machine 3 Heads Cloth Embroidery Machine,"$1,560.00-5,200.00",https://www.alibaba.com/product-detail/Wholesale-Flat-T-shirt-Cap-Embroidery_1601261249187.html,https://s.alicdn.com/@sc04/kf/H326d194bd3f34876922985dd94a98417M/Wholesale-Flat-T-shirt-Cap-Embroidery-Machine.jpg_480x480.jpg?hasNWGrade=1
Flat Cap Embroidery Machine Three Heads Embroidery Hat Sewing Machine Computer Embroidery Machine,"$1,560.00-5,200.00",https://www.alibaba.com/product-detail/Flat-Cap-Embroidery-Machine-Three-Heads_1601260871883.html,https://s.alicdn.com/@sc04/kf/H3943b1a5c6614de987f71b0a0a59d1a1H/Flat-Cap-Embroidery-Machine-Three-Heads-Embroidery.jpg_480x480.jpg?hasNWGrade=1
Multi Function Embroidery Machine 3 Heads Embroidery Machine With Computer Embroidery,"$1,560.00-5,200.00",https://www.alibaba.com/product-detail/Multi-Function-Embroidery-Machine-3-Heads_1601261152334.html,https://s.alicdn.com/@sc04/kf/H302108d4462d40d1bce9b7ace7954a02G/Multi-Function-Embroidery-Machine-3-Heads-Embroidery.jpg_480x480.jpg?hasNWGrade=1
Flat Embroidery Machine Computer Multi Needles Embroidery Machine 3 Heads Embroidery Machine,"$1,560.00-5,200.00",https://www.alibaba.com/product-detail/Flat-Embroidery-Machine-Computer-Multi-Needles_1601219727259.html,https://s.alicdn.com/@sc04/kf/H3ca7f626c6a049f3be43e31e94d692d1k/Flat-Embroidery-Machine-Computer-Multi-Needles-Embroidery.jpg_480x480.jpg?hasNWGrade=1
New Design 3 Heads Commercial Hat Embroidery Sewing Machine Computer Cap Embroidery Machine,"$1,560.00-5,200.00",https://www.alibaba.com/product-detail/New-Design-3-Heads-Commercial-Hat_1601219673420.html,https://s.alicdn.com/@sc04/kf/H7e31d760658147d28539791c3b4f4ec9v/New-Design-3-Heads-Commercial-Hat-Embroidery.jpg_480x480.jpg?hasNWGrade=1
Computer Embroidery Machine for T-shirt Hat Embroidery Machine 3 Heads Embroidery Machine,"$1,560.00-5,200.00",https://www.alibaba.com/product-detail/Computer-Embroidery-Machine-for-T-shirt_1601219669400.html,https://s.alicdn.com/@sc04/kf/Hf84f195a647742e184be46483c6f05a04/Computer-Embroidery-Machine-for-T-shirt-Hat.jpg_480x480.jpg?hasNWGrade=1
Hot Sale T-shirt Embroidery Machine Computer Embroidery Machine Three Heads Embroidery Sewing Machine,"$1,560.00-5,200.00",https://www.alibaba.com/product-detail/Hot-Sale-T-shirt-Embroidery-Machine_1601219624342.html,https://s.alicdn.com/@sc04/kf/H36a89b6acf9b42de987cd85ddb166fbcp/Hot-Sale-T-shirt-Embroidery-Machine-Computer.jpg_480x480.jpg?hasNWGrade=1
High Speed 3 Heads Embroidery Machine Computer Embroidery Machine Flat Embroidery Machine,"$1,560.00-5,200.00",https://www.alibaba.com/product-detail/High-Speed-3-Heads-Embroidery-Machine_1601219613272.html,https://s.alicdn.com/@sc04/kf/H999b0b74ab1b4296b8d9d0dda30455c2e/High-Speed-3-Heads-Embroidery-Machine-Computer.jpg_480x480.jpg?hasNWGrade=1
Commercial Cap Embroidery Machine 3 Heads Embroidery Computer Machine,"$1,560.00-5,200.00",https://www.alibaba.com/product-detail/Commercial-Cap-Embroidery-Machine-3-Heads_1601219688065.html,https://s.alicdn.com/@sc04/kf/H0e7a83da489944069313340e15529980P/Commercial-Cap-Embroidery-Machine-3-Heads-Embroidery.jpg_480x480.jpg?hasNWGrade=1
3 Heads High Speed Embroidery Machine Computer Flat Embroidery Machine for Sale,"$1,560.00-5,200.00",https://www.alibaba.com/product-detail/3-Heads-High-Speed-Embroidery-Machine_1601191899201.html,https://s.alicdn.com/@sc04/kf/H56d3a1ac7a714fa89c047b4424a57391m/3-Heads-High-Speed-Embroidery-Machine-Computer.jpg_480x480.jpg?hasNWGrade=1
New Arrival 3 Heads Cap Embroidery Machine Multi Needles Computer Hat Embroidery Machine,"$1,560.00-5,200.00",https://www.alibaba.com/product-detail/New-Arrival-3-Heads-Cap-Embroidery_1601191635911.html,https://s.alicdn.com/@sc04/kf/H2e79a23d4c914c55b52cfeb27e2c090a7/New-Arrival-3-Heads-Cap-Embroidery-Machine.jpg_480x480.jpg?hasNWGrade=1
Wholesale Computer T-shirt Embroidery Sewing Machine 3 Heads Embroidery Machine for Cloth,"$1,560.00-5,200.00",https://www.alibaba.com/product-detail/Wholesale-Computer-T-shirt-Embroidery-Sewing_1601191580976.html,https://s.alicdn.com/@sc04/kf/He9751b3b414246dda8a13af7744f8f50v/Wholesale-Computer-T-shirt-Embroidery-Sewing-Machine.jpg_480x480.jpg?hasNWGrade=1
Wholesale Multi Needles 3 Heads Embroidery Machine Computer Flat Embroidery Machine,"$1,599.00-5,299.00",https://www.alibaba.com/product-detail/Wholesale-Multi-Needles-3-Heads-Embroidery_1601191964070.html,https://s.alicdn.com/@sc04/kf/H6afe457e7c9147c6b561268294aa160cK/Wholesale-Multi-Needles-3-Heads-Embroidery-Machine.jpg_480x480.jpg?hasNWGrade=1
Commercial Three Heads Embroidery Computer Machine Cap Hat Embroidery Machine Manufacturers,"$1,599.00-5,299.00",https://www.alibaba.com/product-detail/Commercial-Three-Heads-Embroidery-Computer-Machine_1601191967043.html,https://s.alicdn.com/@sc04/kf/H15a989c23da04339a8c8efa57952aac4H/Commercial-Three-Heads-Embroidery-Computer-Machine-Cap.jpg_480x480.jpg?hasNWGrade=1
New Design T-shirt Clothes Embroidery Machine Computer 3 Heads Embroidery Machine,"$1,599.00-5,299.00",https://www.alibaba.com/product-detail/New-Design-T-shirt-Clothes-Embroidery_1601191972035.html,https://s.alicdn.com/@sc04/kf/Hc451b236d4d640a682103572724ca1c6M/New-Design-T-shirt-Clothes-Embroidery-Machine.jpg_480x480.jpg?hasNWGrade=1
Factory Direct Sale Flat 3 Heads Embroidery Machine Computer Embroidery Machine,"$1,599.00-5,299.00",https://www.alibaba.com/product-detail/Factory-Direct-Sale-Flat-3-Heads_1601191730694.html,https://s.alicdn.com/@sc04/kf/H909e26cf7c9c4659afcbe2e32fc613e2O/Factory-Direct-Sale-Flat-3-Heads-Embroidery.jpg_480x480.jpg?hasNWGrade=1
Cap Embroidery Computer Machine 3 Heads Embroidery Hat Sewing Machine,"$1,599.00-5,299.00",https://www.alibaba.com/product-detail/Cap-Embroidery-Computer-Machine-3-Heads_1601191581990.html,https://s.alicdn.com/@sc04/kf/Hce21602a38f946ab82b15c90b8bad0efX/Cap-Embroidery-Computer-Machine-3-Heads-Embroidery.jpg_480x480.jpg?hasNWGrade=1
Hot Sale Three Heads Embroidery Machine Commercial Embroidery Sewing Machine Fot T-shirt Cloth,"$1,599.00-5,299.00",https://www.alibaba.com/product-detail/Hot-Sale-Three-Heads-Embroidery-Machine_1601191739628.html,https://s.alicdn.com/@sc04/kf/Hc627dab87be945daba376d6f74085e8aQ/Hot-Sale-Three-Heads-Embroidery-Machine-Commercial.jpg_480x480.jpg?hasNWGrade=1
Three Heads Embroidery Sewing Machine Flat Embroidery Machine Computer Embroidery Machine for Sale,"$1,599.00-5,299.00",https://www.alibaba.com/product-detail/Three-Heads-Embroidery-Sewing-Machine-Flat_1601191821108.html,https://s.alicdn.com/@sc04/kf/H24395e0ed3544bae84ef23dca1b9a2aaH/Three-Heads-Embroidery-Sewing-Machine-Flat-Embroidery.jpg_480x480.jpg?hasNWGrade=1
Embroidery Machine 3 Heads Cap Embroidery Sewing Machine Computer Hat Embroidery Machine,"$1,599.00-5,299.00",https://www.alibaba.com/product-detail/Embroidery-Machine-3-Heads-Cap-Embroidery_1601191785213.html,https://s.alicdn.com/@sc04/kf/H0df97c0df2284592b4afc9fde3427782u/Embroidery-Machine-3-Heads-Cap-Embroidery-Sewing.jpg_480x480.jpg?hasNWGrade=1
3 Heads Embroidery Computer Machine Computer T-shirt Clothes Embroidery Machine in Wholesale,"$1,599.00-5,299.00",https://www.alibaba.com/product-detail/3-Heads-Embroidery-Computer-Machine-Computer_1601191679502.html,https://s.alicdn.com/@sc04/kf/He00b786f73934a01bdaf26bc80a51667J/3-Heads-Embroidery-Computer-Machine-Computer-T.jpg_480x480.jpg?hasNWGrade=1
New Design 3 Heads Flat Embroidery Machine Computer High Speed Embroidery Machine With Computer,"$1,599.00-5,299.00",https://www.alibaba.com/product-detail/New-Design-3-Heads-Flat-Embroidery_1601191488997.html,https://s.alicdn.com/@sc04/kf/He9f023b0218445c183eac9d4b341424fw/New-Design-3-Heads-Flat-Embroidery-Machine.jpg_480x480.jpg?hasNWGrade=1
High Quality 3 Heads Embroidery Machine Computer Cap Hat Embroidery Machine,"$1,599.00-5,299.00",https://www.alibaba.com/product-detail/High-Quality-3-Heads-Embroidery-Machine_1601191784224.html,https://s.alicdn.com/@sc04/kf/H4ceacd1061674706a6747166d866e1b8R/High-Quality-3-Heads-Embroidery-Machine-Computer.jpg_480x480.jpg?hasNWGrade=1
Embroidery Machine Manufacturers Computer T-shirt Embroidery Machine 3 Heads Embroidery Machine,"$1,599.00-5,299.00",https://www.alibaba.com/product-detail/Embroidery-Machine-Manufacturers-Computer-T-shirt_1601191831070.html,https://s.alicdn.com/@sc04/kf/H411ceb41083a4d2fa42ab695cff48580U/Embroidery-Machine-Manufacturers-Computer-T-shirt-Embroidery.jpg_480x480.jpg?hasNWGrade=1
3 Heads Computer Embroidery Machine High Speed Embroidery Machine Flat Embroidery Machine,"$1,560.00-5,200.00",https://www.alibaba.com/product-detail/3-Heads-Computer-Embroidery-Machine-High_1601191796222.html,https://s.alicdn.com/@sc04/kf/H9f7eec868ad44576845d2c2b0966d974g/3-Heads-Computer-Embroidery-Machine-High-Speed.jpg_480x480.jpg?hasNWGrade=1
Factory Sale Computer Embroidery Cap Sewing Machine 3 Heads Hat Embroidery Machine,"$1,560.00-5,200.00",https://www.alibaba.com/product-detail/Factory-Sale-Computer-Embroidery-Cap-Sewing_1601191731358.html,https://s.alicdn.com/@sc04/kf/H61163a66981c4fa3a665a0653d28a2934/Factory-Sale-Computer-Embroidery-Cap-Sewing-Machine.jpg_480x480.jpg?hasNWGrade=1
New Arrival 3 Heads T-shirt Embroidery Machine Commercial Computer Embroidery Machine,"$1,560.00-5,200.00",https://www.alibaba.com/product-detail/New-Arrival-3-Heads-T-shirt_1601191510857.html,https://s.alicdn.com/@sc04/kf/H0d3c7572673241a2b8ef74cd38e35f89Z/New-Arrival-3-Heads-T-shirt-Embroidery.jpg_480x480.jpg?hasNWGrade=1
Flat Embroidery Computer Machine 3 Heads High Speed Embroidery Machine Flat Embroidery Machine Manufacturers,"$1,560.00-5,200.00",https://www.alibaba.com/product-detail/Flat-Embroidery-Computer-Machine-3-Heads_1601056545012.html,https://s.alicdn.com/@sc04/kf/H27807913be5b47e09d97a5d26f267e84j/Flat-Embroidery-Computer-Machine-3-Heads-High.jpg_480x480.jpg?hasNWGrade=1
Three Heads Cap Embroidery Machine Computer Embroidery Machine Commercial Embroidery Hat Sewing Machine,"$1,560.00-5,200.00",https://www.alibaba.com/product-detail/Three-Heads-Cap-Embroidery-Machine-Computer_1601056484011.html,https://s.alicdn.com/@sc04/kf/H1cc0b83d148948e1882e1f04c5800b6fq/Three-Heads-Cap-Embroidery-Machine-Computer-Embroidery.jpg_480x480.jpg?hasNWGrade=1
Computer T-shirt Clothes Embroidery Machine 3 Heads Embroidery Sewing Machine Embroidery Machine Manufacturers,"$1,560.00-5,200.00",https://www.alibaba.com/product-detail/Computer-T-shirt-Clothes-Embroidery-Machine_1601056449030.html,https://s.alicdn.com/@sc04/kf/Hed72a7311ada42939bf503372bd5dacdz/Computer-T-shirt-Clothes-Embroidery-Machine-3.jpg_480x480.jpg?hasNWGrade=1
Three Heads Automatic Computer Hat Embroidery Machine Flat Cap Embroidery Computer Machine,"$1,560.00-5,200.00",https://www.alibaba.com/product-detail/Three-Heads-Automatic-Computer-Hat-Embroidery_1601015702767.html,https://s.alicdn.com/@sc04/kf/H94b171c036c34b90b870c7bd79761cc7V/Three-Heads-Automatic-Computer-Hat-Embroidery-Machine.jpg_480x480.jpg?hasNWGrade=1
Computer T-shirt 3 Heads Embroidery Machine High Speed Household Embroidery Machine for Clothes,"$1,560.00-5,200.00",https://www.alibaba.com/product-detail/Computer-T-shirt-3-Heads-Embroidery_1601015836099.html,https://s.alicdn.com/@sc04/kf/H8899f4b3fad54fea9eb3617abcc8e9bal/Computer-T-shirt-3-Heads-Embroidery-Machine.jpg_480x480.jpg?hasNWGrade=1
Embroidery Machine High Speed Embroidery Computer Machine Three Heads Flat Embroidery Machine,"$1,560.00-5,200.00",https://www.alibaba.com/product-detail/Embroidery-Machine-High-Speed-Embroidery-Computer_1601056487009.html,https://s.alicdn.com/@sc04/kf/Hc03bcbe4fb844908b5ba0f4cb6dd7288x/Embroidery-Machine-High-Speed-Embroidery-Computer-Machine.jpg_480x480.jpg?hasNWGrade=1
Computer Embroidery Machine Manufacturers 3 Heads Cap Embroidery Machine High Quality Hat Embroidery Machine,"$1,560.00-5,200.00",https://www.alibaba.com/product-detail/Computer-Embroidery-Machine-Manufacturers-3-Heads_1601056291412.html,https://s.alicdn.com/@sc04/kf/Hc78af110e1544f2b878866fff3545255G/Computer-Embroidery-Machine-Manufacturers-3-Heads-Cap.jpg_480x480.jpg?hasNWGrade=1
New Products Embroidery Computer Machine Three Heads Embroidery Machine Commercial T-shirt Embroidery Machine,"$1,560.00-5,200.00",https://www.alibaba.com/product-detail/New-Products-Embroidery-Computer-Machine-Three_1601056311372.html,https://s.alicdn.com/@sc04/kf/He29049af2d4c4f04b716fb56c46bbf4eK/New-Products-Embroidery-Computer-Machine-Three-Heads.jpg_480x480.jpg?hasNWGrade=1
High Speed Embroidery Computer Machine 3 Heads Embroidery Machine Flat Embroidery Machine for Sale,"$1,560.00-5,200.00",https://www.alibaba.com/product-detail/High-Speed-Embroidery-Computer-Machine-3_1601056594005.html,https://s.alicdn.com/@sc04/kf/H7e416949f8a74037be3f32ebf12570474/High-Speed-Embroidery-Computer-Machine-3-Heads.jpg_480x480.jpg?hasNWGrade=1
Wholesale Computer Hat Embroidery Machine 3 Heads Embroidery Hat Sewing Machine Cap Embroidery Machine,"$1,560.00-5,200.00",https://www.alibaba.com/product-detail/Wholesale-Computer-Hat-Embroidery-Machine-3_1601056215672.html,https://s.alicdn.com/@sc04/kf/H3b9f4acbd2fa42d6b3267fb3fe0c4b02T/Wholesale-Computer-Hat-Embroidery-Machine-3-Heads.jpg_480x480.jpg?hasNWGrade=1
New Design Three Heads Embroidery Machine Commercial T-shirt Embroidery Sewing Machine Computer Embroidery Machine,"$1,560.00-5,200.00",https://www.alibaba.com/product-detail/New-Design-Three-Heads-Embroidery-Machine_1601056531010.html,https://s.alicdn.com/@sc04/kf/H27a6e47a242643eca567361de58af88aX/New-Design-Three-Heads-Embroidery-Machine-Commercial.jpg_480x480.jpg?hasNWGrade=1
3 Heads Flat Embroidery Machine High Speed Computer Embroidery Sewing Machine Commercial Embroidery Machine,"$1,560.00-5,200.00",https://www.alibaba.com/product-detail/3-Heads-Flat-Embroidery-Machine-High_1601054785600.html,https://s.alicdn.com/@sc04/kf/H2d313217690a4c2a8573d7ccbeb60bb8R/3-Heads-Flat-Embroidery-Machine-High-Speed.jpg_480x480.jpg?hasNWGrade=1
Computerized Embroidery Machine Three Heads Flat Embroidery Machine High Speed 3 Heads Embroidery Machine,"$1,560.00-5,200.00",https://www.alibaba.com/product-detail/Computerized-Embroidery-Machine-Three-Heads-Flat_1601055127027.html,https://s.alicdn.com/@sc04/kf/H05cddc856cb3422694a1c74354b67da2b/Computerized-Embroidery-Machine-Three-Heads-Flat-Embroidery.jpg_480x480.jpg?hasNWGrade=1
Hot Sale Embroidery Computerized Machine 3 Heads Flat Embroidery Machine Commercial Embroidery Machine,"$1,560.00-5,200.00",https://www.alibaba.com/product-detail/Hot-Sale-Embroidery-Computerized-Machine-3_1601054871466.html,https://s.alicdn.com/@sc04/kf/Haab94e26a74e44dc9c518ddc70b952112/Hot-Sale-Embroidery-Computerized-Machine-3-Heads.jpg_480x480.jpg?hasNWGrade=1
Embroidery Machine Manufacturers Computer Embroidery Hat Sewing Machine 3 Heads Cap Embroidery Machine,"$1,560.00-5,200.00",https://www.alibaba.com/product-detail/Embroidery-Machine-Manufacturers-Computer-Embroidery-Hat_1601054516976.html,https://s.alicdn.com/@sc04/kf/Hafe741b335494bd3b1f41b3fa9ddfe20d/Embroidery-Machine-Manufacturers-Computer-Embroidery-Hat-Sewing.jpg_480x480.jpg?hasNWGrade=1
Commercial Cap Embroidery Sewing Machine 3 Heads Hat Embroidery Machine Computerized Embroidery Machine,"$1,560.00-5,200.00",https://www.alibaba.com/product-detail/Commercial-Cap-Embroidery-Sewing-Machine-3_1601054926448.html,https://s.alicdn.com/@sc04/kf/H42ebe35d09d048e8ab313d87c6d5a9c1Q/Commercial-Cap-Embroidery-Sewing-Machine-3-Heads.jpg_480x480.jpg?hasNWGrade=1
New Multi Heads 3 Heads Embroidery Machine Computerized Cap Embroidery Sewing Machine Commercial Embroidery Machine,"$1,560.00-5,200.00",https://www.alibaba.com/product-detail/New-Multi-Heads-3-Heads-Embroidery_1601055076134.html,https://s.alicdn.com/@sc04/kf/H92e7c0f37a7f4cf88a647380a7e03c76C/New-Multi-Heads-3-Heads-Embroidery-Machine.jpg_480x480.jpg?hasNWGrade=1
Embroidery Computer Machine 3 Heads Embroidery T-shirt Sewing Machine in Wholesale,"$1,560.00-5,200.00",https://www.alibaba.com/product-detail/Embroidery-Computer-Machine-3-Heads-Embroidery_1601054588802.html,https://s.alicdn.com/@sc04/kf/H8e25a5f1e83342898a5ab5acfafc8039D/Embroidery-Computer-Machine-3-Heads-Embroidery-T.jpg_480x480.jpg?hasNWGrade=1
Wholesale 3 Heads T-shirt Embroidery Sewing Machine Computerized Flat T-shirt Embroidery Machine,"$1,560.00-5,200.00",https://www.alibaba.com/product-detail/Wholesale-3-Heads-T-shirt-Embroidery_1601054797546.html,https://s.alicdn.com/@sc04/kf/H715100fe0782494097f1bfe02cae9224L/Wholesale-3-Heads-T-shirt-Embroidery-Sewing.jpg_480x480.jpg?hasNWGrade=1
Three Heads Embroidery Computer Machine Flat T-shirt Embroidery Machine for Sale,"$1,560.00-5,200.00",https://www.alibaba.com/product-detail/Three-Heads-Embroidery-Computer-Machine-Flat_1601054542579.html,https://s.alicdn.com/@sc04/kf/Hbb1dbfebb3c54395add069f54d66b7d98/Three-Heads-Embroidery-Computer-Machine-Flat-T.jpg_480x480.jpg?hasNWGrade=1
Flat 3 Heads Embroidery Machine Computer High Speed Flat Embroidery Machine for Sale,"$1,560.00-5,200.00",https://www.alibaba.com/product-detail/Flat-3-Heads-Embroidery-Machine-Computer_1601015669875.html,https://s.alicdn.com/@sc04/kf/H29202e22ff7341bc8a535b8b5db2fa3fN/Flat-3-Heads-Embroidery-Machine-Computer-High.jpg_480x480.jpg?hasNWGrade=1
New Products 3 Heads Computer Embroidery Machine Commercial Cap Hat Embroidery Machine,"$1,560.00-5,200.00",https://www.alibaba.com/product-detail/New-Products-3-Heads-Computer-Embroidery_1601015840042.html,https://s.alicdn.com/@sc04/kf/H659ac3ce7eb442ab821dae02c03b5525s/New-Products-3-Heads-Computer-Embroidery-Machine.jpg_480x480.jpg?hasNWGrade=1
High Speed Embroidery Computer Machine 3 Heads Flat Embroidery Sewing Machine,"$1,560.00-5,200.00",https://www.alibaba.com/product-detail/High-Speed-Embroidery-Computer-Machine-3_1601015768500.html,https://s.alicdn.com/@sc04/kf/Hc385698e513a4f5babb044b46cccd31bm/High-Speed-Embroidery-Computer-Machine-3-Heads.jpg_480x480.jpg?hasNWGrade=1
Automatic Computer Embroidery Machine 3 Heads Cap Embroidery Machine Hat Embroidery Computer Machine,"$1,560.00-5,200.00",https://www.alibaba.com/product-detail/Automatic-Computer-Embroidery-Machine-3-Heads_1601015716693.html,https://s.alicdn.com/@sc04/kf/Hacaadde68aa5443988a6345b4b84f8c1N/Automatic-Computer-Embroidery-Machine-3-Heads-Cap.jpg_480x480.jpg?hasNWGrade=1
High Quality T-shirt Cloth Embroidery Machine Computer Three Heads Embroidery Machine,"$1,560.00-5,200.00",https://www.alibaba.com/product-detail/High-Quality-T-shirt-Cloth-Embroidery_1601015788384.html,https://s.alicdn.com/@sc04/kf/H5b7ef6e3a897471bbbee8a268e24d9d55/High-Quality-T-shirt-Cloth-Embroidery-Machine.jpg_480x480.jpg?hasNWGrade=1
3 Heads Embroidery Machine High Speed Computer Embroidery Machine Three Heads Flat Embroidery Machine,"$1,560.00-5,200.00",https://www.alibaba.com/product-detail/3-Heads-Embroidery-Machine-High-Speed_1601004018948.html,https://s.alicdn.com/@sc04/kf/Hdacfe8b7e90d4d859659f9c644cadd03Z/3-Heads-Embroidery-Machine-High-Speed-Computer.jpg_480x480.jpg?hasNWGrade=1
Factory Embroidery Machine Manufacturers 3 Heads Computer Embroidery Machine Flat Embroidery Machine,"$1,560.00-5,200.00",https://www.alibaba.com/product-detail/Factory-Embroidery-Machine-Manufacturers-3-Heads_1601015811263.html,https://s.alicdn.com/@sc04/kf/H32acad106e7e4660943102c051f69b90q/Factory-Embroidery-Machine-Manufacturers-3-Heads-Computer.jpg_480x480.jpg?hasNWGrade=1
Factory Embroidery Machine Manufacturers 3 Heads Computer Embroidery Machine Flat Embroidery Machine,"$1,560.00-5,200.00",https://www.alibaba.com/product-detail/Factory-Embroidery-Machine-Manufacturers-3-Heads_1601004057727.html,https://s.alicdn.com/@sc04/kf/H853df1127dcf436caecd8e0f2d7c5d0dk/Factory-Embroidery-Machine-Manufacturers-3-Heads-Computer.jpg_480x480.jpg?hasNWGrade=1
Embroidery Machine Three Heads Flat Embroidery Machine High Speed Computer Embroidery Machine,"$1,560.00-5,200.00",https://www.alibaba.com/product-detail/Embroidery-Machine-Three-Heads-Flat-Embroidery_1601003916172.html,https://s.alicdn.com/@sc04/kf/H724428abc2fd4d4289c4adeae2ad69e3z/Embroidery-Machine-Three-Heads-Flat-Embroidery-Machine.jpg_480x480.jpg?hasNWGrade=1
Automatic Cap Hat Embroidery Machine 3 Heads Embroidery Computer Machine,"$1,560.00-5,200.00",https://www.alibaba.com/product-detail/Automatic-Cap-Hat-Embroidery-Machine-3_1601003944068.html,https://s.alicdn.com/@sc04/kf/H7f411173d8f747a0ba3e1fc452a828bcD/Automatic-Cap-Hat-Embroidery-Machine-3-Heads.jpg_480x480.jpg?hasNWGrade=1
Wholesale High Speed 3 Heads Computer Embroidery Machine Multi Needles T-shirt Embroidery Machine,"$1,560.00-5,200.00",https://www.alibaba.com/product-detail/Wholesale-High-Speed-3-Heads-Computer_1601003891242.html,https://s.alicdn.com/@sc04/kf/H11dbcc115ec14cce9d43c44f90dc90a9b/Wholesale-High-Speed-3-Heads-Computer-Embroidery.jpg_480x480.jpg?hasNWGrade=1
Factory Price Three Heads Computer Embroidery Machine T-shirt Cloth Embroidery Sewing Machine,"$1,560.00-5,200.00",https://www.alibaba.com/product-detail/Factory-Price-Three-Heads-Computer-Embroidery_1600975126387.html,https://s.alicdn.com/@sc04/kf/H161e513eb6d44c168fff4fa2398f4d69v/Factory-Price-Three-Heads-Computer-Embroidery-Machine.jpg_480x480.jpg?hasNWGrade=1
Computer Embroidery Machine Flat Embroidery Making Machine 3 Head High Speed Embroidery Machine,"$1,560.00-5,200.00",https://www.alibaba.com/product-detail/Computer-Embroidery-Machine-Flat-Embroidery-Making_1600975061782.html,https://s.alicdn.com/@sc04/kf/H5d864505a23c4c8b9235fb97529f5cf9S/Computer-Embroidery-Machine-Flat-Embroidery-Making-Machine.jpg_480x480.jpg?hasNWGrade=1
Computerized 3 Heads Embroidery Machine High Speed Flat Embroidery Machine,"$1,560.00-5,200.00",https://www.alibaba.com/product-detail/Computerized-3-Heads-Embroidery-Machine-High_1600958529979.html,https://s.alicdn.com/@sc04/kf/H2f35532b810e4e9581d5088c79768c00A/Computerized-3-Heads-Embroidery-Machine-High-Speed.jpg_480x480.jpg?hasNWGrade=1
Embroidery Machine Manufacturers Computerized 3 Heads Cap Embroidery Machine Commercial Hat Embroidery Machine,"$1,560.00-5,200.00",https://www.alibaba.com/product-detail/Embroidery-Machine-Manufacturers-Computerized-3-Heads_1600958579837.html,https://s.alicdn.com/@sc04/kf/Hae3d00bc88924ebb860779a69e186adbE/Embroidery-Machine-Manufacturers-Computerized-3-Heads-Cap.jpg_480x480.jpg?hasNWGrade=1
Cap Computerized Embroidery Machine 3 Heads Commercial Embroidery Sewing Machine Computer Flat Hat Embroidery Machine,"$1,560.00-5,200.00",https://www.alibaba.com/product-detail/Cap-Computerized-Embroidery-Machine-3-Heads_1600958661387.html,https://s.alicdn.com/@sc04/kf/Hdb8dcb53b73c4923b8e502c3b7c2d4d9V/Cap-Computerized-Embroidery-Machine-3-Heads-Commercial.jpg_480x480.jpg?hasNWGrade=1
Multi Heads 3 Head Embroidery Computer Machine Commercial Computer T-shirt Clothes Embroidery Machine,"$1,560.00-5,200.00",https://www.alibaba.com/product-detail/Multi-Heads-3-Head-Embroidery-Computer_1600958615682.html,https://s.alicdn.com/@sc04/kf/He3fe8956faba40a4a0cd6fb23b9e6d8b4/Multi-Heads-3-Head-Embroidery-Computer-Machine.jpg_480x480.jpg?hasNWGrade=1
Factory Direct Sale 3 Head Embroidery Machine Flat Computer Embroidery Machine Three Heads Flat Embroidery Machine,"$1,560.00-5,200.00",https://www.alibaba.com/product-detail/Factory-Direct-Sale-3-Head-Embroidery_1600955762550.html,https://s.alicdn.com/@sc04/kf/H8d0760eeefbd4938a5be945d01f32260i/Factory-Direct-Sale-3-Head-Embroidery-Machine.jpg_480x480.jpg?hasNWGrade=1
Wholesale 3 Heads Embroidery Computerized Machine Cap Hat Embroidery Machine Computerized Embroidery Hat Sewing Machine,"$1,560.00-5,200.00",https://www.alibaba.com/product-detail/Wholesale-3-Heads-Embroidery-Computerized-Machine_1600955869219.html,https://s.alicdn.com/@sc04/kf/H0079a15685f7497bae7159832039cdceF/Wholesale-3-Heads-Embroidery-Computerized-Machine-Cap.jpg_480x480.jpg?hasNWGrade=1
New Design Computerized Embroidery Machine High Speed 3 Heads Flat Embroidery Machine,"$1,560.00-5,200.00",https://www.alibaba.com/product-detail/New-Design-Computerized-Embroidery-Machine-High_1600955915033.html,https://s.alicdn.com/@sc04/kf/Heff8f653e673497cbdaf0b3bcc01eee8i/New-Design-Computerized-Embroidery-Machine-High-Speed.jpg_480x480.jpg?hasNWGrade=1
Industrial Computerized Embroidery Machine Three Heads Cap Embroidery Computer Machine Flat Hat Embroidery Machine,"$1,560.00-5,200.00",https://www.alibaba.com/product-detail/Industrial-Computerized-Embroidery-Machine-Three-Heads_1600955704952.html,https://s.alicdn.com/@sc04/kf/Ha4f7bc06411a4086a5a2118d34936498S/Industrial-Computerized-Embroidery-Machine-Three-Heads-Cap.jpg_480x480.jpg?hasNWGrade=1
3 Head High Speed Embroidery Machine Multi Needles Flat Embroidery Machine Flat Three Head Embroidery Computer Machine,"$1,560.00-5,200.00",https://www.alibaba.com/product-detail/3-Head-High-Speed-Embroidery-Machine_1600913748795.html,https://s.alicdn.com/@sc04/kf/H004569461a2a48bbb5626dab5e01915fa/3-Head-High-Speed-Embroidery-Machine-Multi.jpg_480x480.jpg?hasNWGrade=1
Computerized Embroidery Hat Sewing Machine Multi Head 3 Head Embroidery Machine Cap Computer Embroidery Machine,"$1,560.00-5,200.00",https://www.alibaba.com/product-detail/Computerized-Embroidery-Hat-Sewing-Machine-Multi_1600913763835.html,https://s.alicdn.com/@sc04/kf/H12dfd979db8d4d479781b035db7f2347t/Computerized-Embroidery-Hat-Sewing-Machine-Multi-Head.jpg_480x480.jpg?hasNWGrade=1
New Arrival Embroidery T-shirt Machine Three Head Embroidery Computer Machine T-shirt 3 Head Embroidery Machine,"$1,560.00-5,200.00",https://www.alibaba.com/product-detail/New-Arrival-Embroidery-T-shirt-Machine_1600913800707.html,https://s.alicdn.com/@sc04/kf/H510c78a967634dc6ba7b3ee8b78fee72H/New-Arrival-Embroidery-T-shirt-Machine-Three.jpg_480x480.jpg?hasNWGrade=1
High Quality Cap Embroidery Machine 3 Head Computer Embroidery Sewing Machine Computerized Hat Embroidery Machine,"$1,560.00-5,200.00",https://www.alibaba.com/product-detail/High-Quality-Cap-Embroidery-Machine-3_1600913253869.html,https://s.alicdn.com/@sc04/kf/Hdd8a39e7f0174d73969daf9c78357030U/High-Quality-Cap-Embroidery-Machine-3-Head.jpg_480x480.jpg?hasNWGrade=1
3 Head Embroidery Computerized Machine Computer Cap Hat Embroidery Machine Multi Head Embroidery Machine,"$1,560.00-5,200.00",https://www.alibaba.com/product-detail/3-Head-Embroidery-Computerized-Machine-Computer_1600897639095.html,https://s.alicdn.com/@sc04/kf/H4a5c81ec9ad140848691773630edb67e6/3-Head-Embroidery-Computerized-Machine-Computer-Cap.jpg_480x480.jpg?hasNWGrade=1
Computerized 3 Head Embroidery Machine Three Head Embroidery Machine Computer Cap Hat Embroidery Machine,"$1,560.00-5,200.00",https://www.alibaba.com/product-detail/Computerized-3-Head-Embroidery-Machine-Three_1600883029217.html,https://s.alicdn.com/@sc04/kf/H72eaae881475439f84c12ca58b1b7bc5k/Computerized-3-Head-Embroidery-Machine-Three-Head.jpg_480x480.jpg?hasNWGrade=1
Multi Needles Professional 3 Head Embroidery Machine Computer Flat Embroidery Machine in Wholesale,"$1,560.00-5,200.00",https://www.alibaba.com/product-detail/Multi-Needles-Professional-3-Head-Embroidery_1600882955436.html,https://s.alicdn.com/@sc04/kf/Hda1edb1c13244071a5a322dd6a4f338av/Multi-Needles-Professional-3-Head-Embroidery-Machine.jpg_480x480.jpg?hasNWGrade=1
Multi Head 3 Heads Embroidery Machine Wholesale Embroidery Machine Computerized Embroidery Machine for T-shirt,"$1,560.00-5,200.00",https://www.alibaba.com/product-detail/Multi-Head-3-Heads-Embroidery-Machine_1600719656288.html,https://s.alicdn.com/@sc04/kf/H7b3e2713480c4cf8bfd9c20d68b00741c/Multi-Head-3-Heads-Embroidery-Machine-Wholesale.jpg?hasNWGrade=1
High Speed Computer Three Heads Embroidery Machine High Production 3 Head Embroidery Machine Computer Cap Embroidery Machine,"$1,560.00-5,200.00",https://www.alibaba.com/product-detail/High-Speed-Computer-Three-Heads-Embroidery_1600719605426.html,https://s.alicdn.com/@sc04/kf/Haf0c630225294a12bba1c698a45c63a43/High-Speed-Computer-Three-Heads-Embroidery-Machine.jpg?hasNWGrade=1
Three Heads Computer Embroidery Machine T-shirt Computerizer Embroidery Machine for Sale 3 Head Embroidery Computer Machine,"$1,560.00-5,200.00",https://www.alibaba.com/product-detail/Three-Heads-Computer-Embroidery-Machine-T_1600719668179.html,https://s.alicdn.com/@sc04/kf/H0aaa099906bd40918155c98c009e12664/Three-Heads-Computer-Embroidery-Machine-T-shirt.jpg?hasNWGrade=1
3 Heads Embroidery Machine Computer Operation Embroidery Machine Three Heads Flat Embroidery Machine in Wholesale,"$1,560.00-5,200.00",https://www.alibaba.com/product-detail/3-Heads-Embroidery-Machine-Computer-Operation_1600719670201.html,https://s.alicdn.com/@sc04/kf/H827efc8397dc4ef081c99c0adddca9bfd/3-Heads-Embroidery-Machine-Computer-Operation-Embroidery.jpg?hasNWGrade=1
Factory Wholesale Automatic Computer Embroidery Machine Cap Embroidery Machine 3 Head Embroidery Machine,"$1,560.00-5,200.00",https://www.alibaba.com/product-detail/Factory-Wholesale-Automatic-Computer-Embroidery-Machine_1600676557612.html,https://s.alicdn.com/@sc04/kf/H979ab6a30f1144b6b3c0a2bb34d86f8e7/Factory-Wholesale-Automatic-Computer-Embroidery-Machine-Cap.jpg?hasNWGrade=1
3 Head Embroidery Machine Automatic Computer Embroidery Machine Hat Embroidery Machine,"$1,560.00-5,200.00",https://www.alibaba.com/product-detail/3-Head-Embroidery-Machine-Automatic-Computer_1600675860848.html,https://s.alicdn.com/@sc04/kf/H923e4c9f38614b9c950854010a0e0010E/3-Head-Embroidery-Machine-Automatic-Computer-Embroidery.jpg?hasNWGrade=1
Three Heads Embroidery Machine Commercial Embroidery Computerized Machine T-shirt Embroidery Machine,"$1,560.00-5,200.00",https://www.alibaba.com/product-detail/Three-Heads-Embroidery-Machine-Commercial-Embroidery_1600622994607.html,https://s.alicdn.com/@sc04/kf/Hda5b5553d1394135b685b3fe4f8f8e82s/Three-Heads-Embroidery-Machine-Commercial-Embroidery-Computerized.jpg?hasNWGrade=1
Computerized Mixed Type Flat Embroidery Machine Three Heads Flat Embroidery Machine,"$1,560.00-5,200.00",https://www.alibaba.com/product-detail/Computerized-Mixed-Type-Flat-Embroidery-Machine_1600550128739.html,https://s.alicdn.com/@sc04/kf/Ha92b7c49f07246cf85024b209906e5e3R/Computerized-Mixed-Type-Flat-Embroidery-Machine-Three.jpg?hasNWGrade=1
High Speed 3 Heads Embroidery Machine Multi Function T-shirt Embroidery Computer Machine,"$1,560.00-5,200.00",https://www.alibaba.com/product-detail/High-Speed-3-Heads-Embroidery-Machine_1600550126755.html,https://s.alicdn.com/@sc04/kf/Haf0376c72301460f89e4532776bf1736u/High-Speed-3-Heads-Embroidery-Machine-Multi.jpg?hasNWGrade=1
Three Heads Computerized Embroidery Machine 3 Head Cap Embroidery Machine,"$1,560.00-5,200.00",https://www.alibaba.com/product-detail/Three-Heads-Computerized-Embroidery-Machine-3_1600550167420.html,https://s.alicdn.com/@sc04/kf/Hd280812ccef7464cbf3a16d64ba8df56L/Three-Heads-Computerized-Embroidery-Machine-3-Head.jpg?hasNWGrade=1
Multifunction Hat Embroidery Machine Three Heads T-shirt Flat Embroidery Machine Computerized Embroidery Machine for Business,"$1,560.00-5,200.00",https://www.alibaba.com/product-detail/Multifunction-Hat-Embroidery-Machine-Three-Heads_1600501025631.html,https://s.alicdn.com/@sc04/kf/H6c45454413534206829c2522e85a42241/Multifunction-Hat-Embroidery-Machine-Three-Heads-T.jpg?hasNWGrade=1
Automatic Digital 3 Head Embroidery Sewing Machine Commercial Industrial Computer Embroidery Machine,"$1,560.00-5,200.00",https://www.alibaba.com/product-detail/Automatic-Digital-3-Head-Embroidery-Sewing_1600501086170.html,https://s.alicdn.com/@sc04/kf/H402bc9bbe5b442f19c9e9ad91d6add51y/Automatic-Digital-3-Head-Embroidery-Sewing-Machine.jpg?hasNWGrade=1
New Products Computer Controlled Embroidery Machines Three Head Commercial Embroidery Machine for T-shirt Hat,"$1,560.00-5,200.00",https://www.alibaba.com/product-detail/New-Products-Computer-Controlled-Embroidery-Machines_1600500328512.html,https://s.alicdn.com/@sc04/kf/Hef4b54d9366e4af2bd97a6ec07ee65f8Z/New-Products-Computer-Controlled-Embroidery-Machines-Three.jpg?hasNWGrade=1
New Arrival Multifunction Flat Cap T-shirt Embroidery Machine Three Head Computer Embroidery Machine,"$1,560.00-5,200.00",https://www.alibaba.com/product-detail/New-Arrival-Multifunction-Flat-Cap-T_1600500250519.html,https://s.alicdn.com/@sc04/kf/H54f2d16a29a942c08520872bc2abed5f4/New-Arrival-Multifunction-Flat-Cap-T-shirt.jpg?hasNWGrade=1
3 Head Embroidery Computerized Machine Three Head Multi Needles Embroidery Machine Flat Cap T-shirt Embroidery Machine,"$1,560.00-5,200.00",https://www.alibaba.com/product-detail/3-Head-Embroidery-Computerized-Machine-Three_1600500253479.html,https://s.alicdn.com/@sc04/kf/H7fd14e578f6040308eafffda942221b8k/3-Head-Embroidery-Computerized-Machine-Three-Head.jpg?hasNWGrade=1